Judet,Localitate,Diversitate maxima
AB,Ocna Mureș,5.311428571428572
AG,Mioveni,6.112142857142857
AR,Curtici,5.667857142857143
BC,Dărmănești,5.396428571428572
BR,Brăila,5.760000000000001
BV,Rupea,6.045000000000001
BZ,Râmnicu Sărat,4.650714285714287
CJ,Cluj-Napoca,5.625
CL,Călărași,5.429285714285716
CS,Anina,5.648571428571429
CT,Constanța,6.288571428571429
